[{"model": "admin.logentry", "pk": 1, "fields": {"action_time": "2022-07-07T15:22:45.064Z", "user": 1, "content_type": 6, "object_id": "14", "object_repr": "Maram", "action_flag": 2, "change_message": "[{\"changed\": {\"fields\": [\"Gender\"]}}]"}}, {"model": "admin.logentry", "pk": 2, "fields": {"action_time": "2022-07-07T15:49:55.800Z", "user": 1, "content_type": 10, "object_id": "1", "object_repr": "#000000", "action_flag": 1, "change_message": "[{\"added\": {}}]"}}, {"model": "admin.logentry", "pk": 3, "fields": {"action_time": "2022-07-07T15:50:05.214Z", "user": 1, "content_type": 10, "object_id": "2", "object_repr": "#0C393F", "action_flag": 1, "change_message": "[{\"added\": {}}]"}}, {"model": "admin.logentry", "pk": 4, "fields": {"action_time": "2022-07-07T15:50:15.711Z", "user": 1, "content_type": 10, "object_id": "3", "object_repr": "#02A181", "action_flag": 1, "change_message": "[{\"added\": {}}]"}}, {"model": "admin.logentry", "pk": 5, "fields": {"action_time": "2022-07-07T15:50:25.963Z", "user": 1, "content_type": 10, "object_id": "4", "object_repr": "#014EA4", "action_flag": 1, "change_message": "[{\"added\": {}}]"}}, {"model": "admin.logentry", "pk": 6, "fields": {"action_time": "2022-07-07T15:50:36.054Z", "user": 1, "content_type": 10, "object_id": "5", "object_repr": "#942F3F", "action_flag": 1, "change_message": "[{\"added\": {}}]"}}, {"model": "admin.logentry", "pk": 7, "fields": {"action_time": "2022-07-07T15:50:44.980Z", "user": 1, "content_type": 10, "object_id": "6", "object_repr": "#39451F", "action_flag": 1, "change_message": "[{\"added\": {}}]"}}, {"model": "admin.logentry", "pk": 8, "fields": {"action_time": "2022-07-07T15:50:55.315Z", "user": 1, "content_type": 10, "object_id": "7", "object_repr": "#141416", "action_flag": 1, "change_message": "[{\"added\": {}}]"}}, {"model": "admin.logentry", "pk": 9, "fields": {"action_time": "2022-07-07T15:51:05.066Z", "user": 1, "content_type": 10, "object_id": "8", "object_repr": "#191919", "action_flag": 1, "change_message": "[{\"added\": {}}]"}}, {"model": "admin.logentry", "pk": 10, "fields": {"action_time": "2022-07-07T15:51:15.765Z", "user": 1, "content_type": 10, "object_id": "9", "object_repr": "#202249", "action_flag": 1, "change_message": "[{\"added\": {}}]"}}, {"model": "admin.logentry", "pk": 11, "fields": {"action_time": "2022-07-07T15:51:29.849Z", "user": 1, "content_type": 10, "object_id": "10", "object_repr": "#333528", "action_flag": 1, "change_message": "[{\"added\": {}}]"}}, {"model": "admin.logentry", "pk": 12, "fields": {"action_time": "2022-07-07T15:52:25.080Z", "user": 1, "content_type": 8, "object_id": "1", "object_repr": "Sleeve", "action_flag": 1, "change_message": "[{\"added\": {}}]"}}, {"model": "admin.logentry", "pk": 13, "fields": {"action_time": "2022-07-07T15:52:43.612Z", "user": 1, "content_type": 8, "object_id": "2", "object_repr": "Half Sleeve", "action_flag": 1, "change_message": "[{\"added\": {}}]"}}, {"model": "admin.logentry", "pk": 14, "fields": {"action_time": "2022-07-07T15:53:07.148Z", "user": 1, "content_type": 8, "object_id": "3", "object_repr": "Sleeve", "action_flag": 1, "change_message": "[{\"added\": {}}]"}}, {"model": "admin.logentry", "pk": 15, "fields": {"action_time": "2022-07-07T15:53:23.800Z", "user": 1, "content_type": 8, "object_id": "4", "object_repr": "Half Sleeve", "action_flag": 1, "change_message": "[{\"added\": {}}]"}}, {"model": "admin.logentry", "pk": 16, "fields": {"action_time": "2022-07-07T15:53:38.679Z", "user": 1, "content_type": 8, "object_id": "1", "object_repr": "Sleeve", "action_flag": 2, "change_message": "[]"}}, {"model": "admin.logentry", "pk": 17, "fields": {"action_time": "2022-07-07T15:54:02.179Z", "user": 1, "content_type": 8, "object_id": "1", "object_repr": "Sleeve", "action_flag": 2, "change_message": "[{\"changed\": {\"fields\": [\"Category description\"]}}]"}}, {"model": "admin.logentry", "pk": 18, "fields": {"action_time": "2022-07-07T15:54:10.536Z", "user": 1, "content_type": 8, "object_id": "3", "object_repr": "Sleeve", "action_flag": 2, "change_message": "[]"}}, {"model": "admin.logentry", "pk": 19, "fields": {"action_time": "2022-07-07T16:10:46.957Z", "user": 1, "content_type": 8, "object_id": "4", "object_repr": "Half Sleeve - w", "action_flag": 2, "change_message": "[{\"changed\": {\"fields\": [\"Category title\"]}}]"}}, {"model": "admin.logentry", "pk": 20, "fields": {"action_time": "2022-07-07T16:11:01.497Z", "user": 1, "content_type": 8, "object_id": "3", "object_repr": "Sleeve - w", "action_flag": 2, "change_message": "[{\"changed\": {\"fields\": [\"Category title\"]}}]"}}, {"model": "admin.logentry", "pk": 21, "fields": {"action_time": "2022-07-07T16:26:52.278Z", "user": 1, "content_type": 10, "object_id": "11", "object_repr": "#5A5E50", "action_flag": 1, "change_message": "[{\"added\": {}}]"}}, {"model": "admin.logentry", "pk": 22, "fields": {"action_time": "2022-07-07T16:27:05.141Z", "user": 1, "content_type": 10, "object_id": "12", "object_repr": "#151314", "action_flag": 1, "change_message": "[{\"added\": {}}]"}}, {"model": "admin.logentry", "pk": 23, "fields": {"action_time": "2022-07-07T16:27:12.597Z", "user": 1, "content_type": 10, "object_id": "13", "object_repr": "#CEBDB6", "action_flag": 1, "change_message": "[{\"added\": {}}]"}}, {"model": "admin.logentry", "pk": 24, "fields": {"action_time": "2022-07-07T16:27:21.430Z", "user": 1, "content_type": 10, "object_id": "14", "object_repr": "#E5313C", "action_flag": 1, "change_message": "[{\"added\": {}}]"}}, {"model": "admin.logentry", "pk": 25, "fields": {"action_time": "2022-07-07T16:27:29.922Z", "user": 1, "content_type": 10, "object_id": "15", "object_repr": "#FDFBFE", "action_flag": 1, "change_message": "[{\"added\": {}}]"}}, {"model": "admin.logentry", "pk": 26, "fields": {"action_time": "2022-07-07T16:29:44.669Z", "user": 1, "content_type": 11, "object_id": "1", "object_repr": "Black men's T-shirt", "action_flag": 1, "change_message": "[{\"added\": {}}]"}}, {"model": "admin.logentry", "pk": 27, "fields": {"action_time": "2022-07-07T16:37:38.863Z", "user": 1, "content_type": 11, "object_id": "2", "object_repr": "Elephant men's T-shirt", "action_flag": 1, "change_message": "[{\"added\": {}}]"}}, {"model": "admin.logentry", "pk": 28, "fields": {"action_time": "2022-07-07T16:38:53.547Z", "user": 1, "content_type": 11, "object_id": "3", "object_repr": "Niagara men's T-shirt", "action_flag": 1, "change_message": "[{\"added\": {}}]"}}, {"model": "admin.logentry", "pk": 29, "fields": {"action_time": "2022-07-07T16:40:22.044Z", "user": 1, "content_type": 11, "object_id": "4", "object_repr": "Endeavour men's T-shirt", "action_flag": 1, "change_message": "[{\"added\": {}}]"}}, {"model": "admin.logentry", "pk": 30, "fields": {"action_time": "2022-07-07T16:41:29.749Z", "user": 1, "content_type": 11, "object_id": "5", "object_repr": "Stiletto men's T-shirt", "action_flag": 1, "change_message": "[{\"added\": {}}]"}}, {"model": "admin.logentry", "pk": 31, "fields": {"action_time": "2022-07-07T16:42:29.326Z", "user": 1, "content_type": 11, "object_id": "6", "object_repr": "Woodland men's T-shirt", "action_flag": 1, "change_message": "[{\"added\": {}}]"}}, {"model": "admin.logentry", "pk": 32, "fields": {"action_time": "2022-07-07T16:43:52.981Z", "user": 1, "content_type": 11, "object_id": "7", "object_repr": "Woodsmoke men's T-shirt", "action_flag": 1, "change_message": "[{\"added\": {}}]"}}, {"model": "admin.logentry", "pk": 33, "fields": {"action_time": "2022-07-07T16:44:51.156Z", "user": 1, "content_type": 11, "object_id": "8", "object_repr": "Cod Gray men's T-shirt", "action_flag": 1, "change_message": "[{\"added\": {}}]"}}, {"model": "admin.logentry", "pk": 34, "fields": {"action_time": "2022-07-07T16:46:04.500Z", "user": 1, "content_type": 11, "object_id": "9", "object_repr": "Port Gore men's T-shirt", "action_flag": 1, "change_message": "[{\"added\": {}}]"}}, {"model": "admin.logentry", "pk": 35, "fields": {"action_time": "2022-07-07T16:47:10.897Z", "user": 1, "content_type": 11, "object_id": "10", "object_repr": "Rangitoto men's T-shirt", "action_flag": 1, "change_message": "[{\"added\": {}}]"}}, {"model": "admin.logentry", "pk": 36, "fields": {"action_time": "2022-07-07T16:50:51.989Z", "user": 1, "content_type": 11, "object_id": "11", "object_repr": "Siam women's dress", "action_flag": 1, "change_message": "[{\"added\": {}}]"}}, {"model": "admin.logentry", "pk": 37, "fields": {"action_time": "2022-07-07T16:52:01.057Z", "user": 1, "content_type": 11, "object_id": "12", "object_repr": "Cod Gray women's dress", "action_flag": 1, "change_message": "[{\"added\": {}}]"}}, {"model": "admin.logentry", "pk": 38, "fields": {"action_time": "2022-07-07T16:54:45.443Z", "user": 1, "content_type": 11, "object_id": "13", "object_repr": "Cold Turkeywomen's dress", "action_flag": 1, "change_message": "[{\"added\": {}}]"}}, {"model": "admin.logentry", "pk": 39, "fields": {"action_time": "2022-07-07T16:56:37.439Z", "user": 1, "content_type": 11, "object_id": "14", "object_repr": "Alizarin Crimson women's dress", "action_flag": 1, "change_message": "[{\"added\": {}}]"}}, {"model": "admin.logentry", "pk": 40, "fields": {"action_time": "2022-07-07T16:57:52.985Z", "user": 1, "content_type": 11, "object_id": "15", "object_repr": "Women's striped T-shirt", "action_flag": 1, "change_message": "[{\"added\": {}}]"}}, {"model": "admin.logentry", "pk": 41, "fields": {"action_time": "2022-07-07T16:58:17.362Z", "user": 1, "content_type": 11, "object_id": "11", "object_repr": "Siam women's dress", "action_flag": 2, "change_message": "[{\"changed\": {\"fields\": [\"Product details\"]}}]"}}, {"model": "admin.logentry", "pk": 42, "fields": {"action_time": "2022-07-07T16:58:44.047Z", "user": 1, "content_type": 11, "object_id": "12", "object_repr": "Cod Gray women's dress", "action_flag": 2, "change_message": "[{\"changed\": {\"fields\": [\"Product details\"]}}]"}}, {"model": "admin.logentry", "pk": 43, "fields": {"action_time": "2022-07-07T16:59:04.462Z", "user": 1, "content_type": 12, "object_id": "1", "object_repr": "M", "action_flag": 1, "change_message": "[{\"added\": {}}]"}}, {"model": "admin.logentry", "pk": 44, "fields": {"action_time": "2022-07-07T16:59:13.345Z", "user": 1, "content_type": 12, "object_id": "2", "object_repr": "S", "action_flag": 1, "change_message": "[{\"added\": {}}]"}}, {"model": "admin.logentry", "pk": 45, "fields": {"action_time": "2022-07-07T16:59:20.614Z", "user": 1, "content_type": 12, "object_id": "3", "object_repr": "L", "action_flag": 1, "change_message": "[{\"added\": {}}]"}}, {"model": "admin.logentry", "pk": 46, "fields": {"action_time": "2022-07-07T16:59:28.082Z", "user": 1, "content_type": 12, "object_id": "4", "object_repr": "XL", "action_flag": 1, "change_message": "[{\"added\": {}}]"}}, {"model": "admin.logentry", "pk": 47, "fields": {"action_time": "2022-07-07T16:59:34.552Z", "user": 1, "content_type": 12, "object_id": "5", "object_repr": "2XL", "action_flag": 1, "change_message": "[{\"added\": {}}]"}}, {"model": "admin.logentry", "pk": 48, "fields": {"action_time": "2022-07-07T16:59:41.943Z", "user": 1, "content_type": 12, "object_id": "6", "object_repr": "3XL", "action_flag": 1, "change_message": "[{\"added\": {}}]"}}, {"model": "admin.logentry", "pk": 49, "fields": {"action_time": "2022-07-07T17:00:40.779Z", "user": 1, "content_type": 15, "object_id": "1", "object_repr": "000000.jpg", "action_flag": 1, "change_message": "[{\"added\": {}}]"}}, {"model": "admin.logentry", "pk": 50, "fields": {"action_time": "2022-07-07T17:00:59.390Z", "user": 1, "content_type": 15, "object_id": "2", "object_repr": "0C393F.jpg", "action_flag": 1, "change_message": "[{\"added\": {}}]"}}, {"model": "admin.logentry", "pk": 51, "fields": {"action_time": "2022-07-07T17:01:42.222Z", "user": 1, "content_type": 15, "object_id": "3", "object_repr": "02A181.jpg", "action_flag": 1, "change_message": "[{\"added\": {}}]"}}, {"model": "admin.logentry", "pk": 52, "fields": {"action_time": "2022-07-07T17:01:58.833Z", "user": 1, "content_type": 15, "object_id": "4", "object_repr": "014EA4.jpg", "action_flag": 1, "change_message": "[{\"added\": {}}]"}}, {"model": "admin.logentry", "pk": 53, "fields": {"action_time": "2022-07-07T17:02:15.868Z", "user": 1, "content_type": 15, "object_id": "5", "object_repr": "942F3F.jpg", "action_flag": 1, "change_message": "[{\"added\": {}}]"}}, {"model": "admin.logentry", "pk": 54, "fields": {"action_time": "2022-07-07T17:02:53.038Z", "user": 1, "content_type": 15, "object_id": "6", "object_repr": "39451F.jpg", "action_flag": 1, "change_message": "[{\"added\": {}}]"}}, {"model": "admin.logentry", "pk": 55, "fields": {"action_time": "2022-07-07T17:03:18.611Z", "user": 1, "content_type": 15, "object_id": "7", "object_repr": "141416.jpg", "action_flag": 1, "change_message": "[{\"added\": {}}]"}}, {"model": "admin.logentry", "pk": 56, "fields": {"action_time": "2022-07-07T17:03:58.088Z", "user": 1, "content_type": 15, "object_id": "8", "object_repr": "191919.jpg", "action_flag": 1, "change_message": "[{\"added\": {}}]"}}, {"model": "admin.logentry", "pk": 57, "fields": {"action_time": "2022-07-07T17:04:14.598Z", "user": 1, "content_type": 15, "object_id": "9", "object_repr": "202249.jpg", "action_flag": 1, "change_message": "[{\"added\": {}}]"}}, {"model": "admin.logentry", "pk": 58, "fields": {"action_time": "2022-07-07T17:04:38.099Z", "user": 1, "content_type": 15, "object_id": "10", "object_repr": "333528.jpg", "action_flag": 1, "change_message": "[{\"added\": {}}]"}}, {"model": "admin.logentry", "pk": 59, "fields": {"action_time": "2022-07-07T17:05:39.847Z", "user": 1, "content_type": 15, "object_id": "11", "object_repr": "5A5E50.jpg", "action_flag": 1, "change_message": "[{\"added\": {}}]"}}, {"model": "admin.logentry", "pk": 60, "fields": {"action_time": "2022-07-07T17:06:11.980Z", "user": 1, "content_type": 15, "object_id": "12", "object_repr": "151314.jpg", "action_flag": 1, "change_message": "[{\"added\": {}}]"}}, {"model": "admin.logentry", "pk": 61, "fields": {"action_time": "2022-07-07T17:06:42.823Z", "user": 1, "content_type": 15, "object_id": "13", "object_repr": "CEBDB6.jpg", "action_flag": 1, "change_message": "[{\"added\": {}}]"}}, {"model": "admin.logentry", "pk": 62, "fields": {"action_time": "2022-07-07T17:07:06.742Z", "user": 1, "content_type": 15, "object_id": "14", "object_repr": "E5313C.jpg", "action_flag": 1, "change_message": "[{\"added\": {}}]"}}, {"model": "admin.logentry", "pk": 63, "fields": {"action_time": "2022-07-07T17:07:35.809Z", "user": 1, "content_type": 15, "object_id": "15", "object_repr": "FDFBFE.jpg", "action_flag": 1, "change_message": "[{\"added\": {}}]"}}, {"model": "auth.permission", "pk": 1, "fields": {"name": "Can add log entry", "content_type": 1, "codename": "add_logentry"}}, {"model": "auth.permission", "pk": 2, "fields": {"name": "Can change log entry", "content_type": 1, "codename": "change_logentry"}}, {"model": "auth.permission", "pk": 3, "fields": {"name": "Can delete log entry", "content_type": 1, "codename": "delete_logentry"}}, {"model": "auth.permission", "pk": 4, "fields": {"name": "Can view log entry", "content_type": 1, "codename": "view_logentry"}}, {"model": "auth.permission", "pk": 5, "fields": {"name": "Can add permission", "content_type": 2, "codename": "add_permission"}}, {"model": "auth.permission", "pk": 6, "fields": {"name": "Can change permission", "content_type": 2, "codename": "change_permission"}}, {"model": "auth.permission", "pk": 7, "fields": {"name": "Can delete permission", "content_type": 2, "codename": "delete_permission"}}, {"model": "auth.permission", "pk": 8, "fields": {"name": "Can view permission", "content_type": 2, "codename": "view_permission"}}, {"model": "auth.permission", "pk": 9, "fields": {"name": "Can add group", "content_type": 3, "codename": "add_group"}}, {"model": "auth.permission", "pk": 10, "fields": {"name": "Can change group", "content_type": 3, "codename": "change_group"}}, {"model": "auth.permission", "pk": 11, "fields": {"name": "Can delete group", "content_type": 3, "codename": "delete_group"}}, {"model": "auth.permission", "pk": 12, "fields": {"name": "Can view group", "content_type": 3, "codename": "view_group"}}, {"model": "auth.permission", "pk": 13, "fields": {"name": "Can add content type", "content_type": 4, "codename": "add_contenttype"}}, {"model": "auth.permission", "pk": 14, "fields": {"name": "Can change content type", "content_type": 4, "codename": "change_contenttype"}}, {"model": "auth.permission", "pk": 15, "fields": {"name": "Can delete content type", "content_type": 4, "codename": "delete_contenttype"}}, {"model": "auth.permission", "pk": 16, "fields": {"name": "Can view content type", "content_type": 4, "codename": "view_contenttype"}}, {"model": "auth.permission", "pk": 17, "fields": {"name": "Can add session", "content_type": 5, "codename": "add_session"}}, {"model": "auth.permission", "pk": 18, "fields": {"name": "Can change session", "content_type": 5, "codename": "change_session"}}, {"model": "auth.permission", "pk": 19, "fields": {"name": "Can delete session", "content_type": 5, "codename": "delete_session"}}, {"model": "auth.permission", "pk": 20, "fields": {"name": "Can view session", "content_type": 5, "codename": "view_session"}}, {"model": "auth.permission", "pk": 21, "fields": {"name": "Can add user", "content_type": 6, "codename": "add_user"}}, {"model": "auth.permission", "pk": 22, "fields": {"name": "Can change user", "content_type": 6, "codename": "change_user"}}, {"model": "auth.permission", "pk": 23, "fields": {"name": "Can delete user", "content_type": 6, "codename": "delete_user"}}, {"model": "auth.permission", "pk": 24, "fields": {"name": "Can view user", "content_type": 6, "codename": "view_user"}}, {"model": "auth.permission", "pk": 25, "fields": {"name": "Can add cart", "content_type": 7, "codename": "add_cart"}}, {"model": "auth.permission", "pk": 26, "fields": {"name": "Can change cart", "content_type": 7, "codename": "change_cart"}}, {"model": "auth.permission", "pk": 27, "fields": {"name": "Can delete cart", "content_type": 7, "codename": "delete_cart"}}, {"model": "auth.permission", "pk": 28, "fields": {"name": "Can view cart", "content_type": 7, "codename": "view_cart"}}, {"model": "auth.permission", "pk": 29, "fields": {"name": "Can add category", "content_type": 8, "codename": "add_category"}}, {"model": "auth.permission", "pk": 30, "fields": {"name": "Can change category", "content_type": 8, "codename": "change_category"}}, {"model": "auth.permission", "pk": 31, "fields": {"name": "Can delete category", "content_type": 8, "codename": "delete_category"}}, {"model": "auth.permission", "pk": 32, "fields": {"name": "Can view category", "content_type": 8, "codename": "view_category"}}, {"model": "auth.permission", "pk": 33, "fields": {"name": "Can add checked cart", "content_type": 9, "codename": "add_checkedcart"}}, {"model": "auth.permission", "pk": 34, "fields": {"name": "Can change checked cart", "content_type": 9, "codename": "change_checkedcart"}}, {"model": "auth.permission", "pk": 35, "fields": {"name": "Can delete checked cart", "content_type": 9, "codename": "delete_checkedcart"}}, {"model": "auth.permission", "pk": 36, "fields": {"name": "Can view checked cart", "content_type": 9, "codename": "view_checkedcart"}}, {"model": "auth.permission", "pk": 37, "fields": {"name": "Can add color", "content_type": 10, "codename": "add_color"}}, {"model": "auth.permission", "pk": 38, "fields": {"name": "Can change color", "content_type": 10, "codename": "change_color"}}, {"model": "auth.permission", "pk": 39, "fields": {"name": "Can delete color", "content_type": 10, "codename": "delete_color"}}, {"model": "auth.permission", "pk": 40, "fields": {"name": "Can view color", "content_type": 10, "codename": "view_color"}}, {"model": "auth.permission", "pk": 41, "fields": {"name": "Can add product", "content_type": 11, "codename": "add_product"}}, {"model": "auth.permission", "pk": 42, "fields": {"name": "Can change product", "content_type": 11, "codename": "change_product"}}, {"model": "auth.permission", "pk": 43, "fields": {"name": "Can delete product", "content_type": 11, "codename": "delete_product"}}, {"model": "auth.permission", "pk": 44, "fields": {"name": "Can view product", "content_type": 11, "codename": "view_product"}}, {"model": "auth.permission", "pk": 45, "fields": {"name": "Can add size", "content_type": 12, "codename": "add_size"}}, {"model": "auth.permission", "pk": 46, "fields": {"name": "Can change size", "content_type": 12, "codename": "change_size"}}, {"model": "auth.permission", "pk": 47, "fields": {"name": "Can delete size", "content_type": 12, "codename": "delete_size"}}, {"model": "auth.permission", "pk": 48, "fields": {"name": "Can view size", "content_type": 12, "codename": "view_size"}}, {"model": "auth.permission", "pk": 49, "fields": {"name": "Can add review", "content_type": 13, "codename": "add_review"}}, {"model": "auth.permission", "pk": 50, "fields": {"name": "Can change review", "content_type": 13, "codename": "change_review"}}, {"model": "auth.permission", "pk": 51, "fields": {"name": "Can delete review", "content_type": 13, "codename": "delete_review"}}, {"model": "auth.permission", "pk": 52, "fields": {"name": "Can view review", "content_type": 13, "codename": "view_review"}}, {"model": "auth.permission", "pk": 53, "fields": {"name": "Can add quantity", "content_type": 14, "codename": "add_quantity"}}, {"model": "auth.permission", "pk": 54, "fields": {"name": "Can change quantity", "content_type": 14, "codename": "change_quantity"}}, {"model": "auth.permission", "pk": 55, "fields": {"name": "Can delete quantity", "content_type": 14, "codename": "delete_quantity"}}, {"model": "auth.permission", "pk": 56, "fields": {"name": "Can view quantity", "content_type": 14, "codename": "view_quantity"}}, {"model": "auth.permission", "pk": 57, "fields": {"name": "Can add image", "content_type": 15, "codename": "add_image"}}, {"model": "auth.permission", "pk": 58, "fields": {"name": "Can change image", "content_type": 15, "codename": "change_image"}}, {"model": "auth.permission", "pk": 59, "fields": {"name": "Can delete image", "content_type": 15, "codename": "delete_image"}}, {"model": "auth.permission", "pk": 60, "fields": {"name": "Can view image", "content_type": 15, "codename": "view_image"}}, {"model": "auth.permission", "pk": 61, "fields": {"name": "Can add checked cart item", "content_type": 16, "codename": "add_checkedcartitem"}}, {"model": "auth.permission", "pk": 62, "fields": {"name": "Can change checked cart item", "content_type": 16, "codename": "change_checkedcartitem"}}, {"model": "auth.permission", "pk": 63, "fields": {"name": "Can delete checked cart item", "content_type": 16, "codename": "delete_checkedcartitem"}}, {"model": "auth.permission", "pk": 64, "fields": {"name": "Can view checked cart item", "content_type": 16, "codename": "view_checkedcartitem"}}, {"model": "auth.permission", "pk": 65, "fields": {"name": "Can add cart item", "content_type": 17, "codename": "add_cartitem"}}, {"model": "auth.permission", "pk": 66, "fields": {"name": "Can change cart item", "content_type": 17, "codename": "change_cartitem"}}, {"model": "auth.permission", "pk": 67, "fields": {"name": "Can delete cart item", "content_type": 17, "codename": "delete_cartitem"}}, {"model": "auth.permission", "pk": 68, "fields": {"name": "Can view cart item", "content_type": 17, "codename": "view_cartitem"}}, {"model": "auth.permission", "pk": 69, "fields": {"name": "Can add Token", "content_type": 18, "codename": "add_token"}}, {"model": "auth.permission", "pk": 70, "fields": {"name": "Can change Token", "content_type": 18, "codename": "change_token"}}, {"model": "auth.permission", "pk": 71, "fields": {"name": "Can delete Token", "content_type": 18, "codename": "delete_token"}}, {"model": "auth.permission", "pk": 72, "fields": {"name": "Can view Token", "content_type": 18, "codename": "view_token"}}, {"model": "auth.permission", "pk": 73, "fields": {"name": "Can add token", "content_type": 19, "codename": "add_tokenproxy"}}, {"model": "auth.permission", "pk": 74, "fields": {"name": "Can change token", "content_type": 19, "codename": "change_tokenproxy"}}, {"model": "auth.permission", "pk": 75, "fields": {"name": "Can delete token", "content_type": 19, "codename": "delete_tokenproxy"}}, {"model": "auth.permission", "pk": 76, "fields": {"name": "Can view token", "content_type": 19, "codename": "view_tokenproxy"}}, {"model": "contenttypes.contenttype", "pk": 1, "fields": {"app_label": "admin", "model": "logentry"}}, {"model": "contenttypes.contenttype", "pk": 2, "fields": {"app_label": "auth", "model": "permission"}}, {"model": "contenttypes.contenttype", "pk": 3, "fields": {"app_label": "auth", "model": "group"}}, {"model": "contenttypes.contenttype", "pk": 4, "fields": {"app_label": "contenttypes", "model": "contenttype"}}, {"model": "contenttypes.contenttype", "pk": 5, "fields": {"app_label": "sessions", "model": "session"}}, {"model": "contenttypes.contenttype", "pk": 6, "fields": {"app_label": "e_commerce", "model": "user"}}, {"model": "contenttypes.contenttype", "pk": 7, "fields": {"app_label": "e_commerce", "model": "cart"}}, {"model": "contenttypes.contenttype", "pk": 8, "fields": {"app_label": "e_commerce", "model": "category"}}, {"model": "contenttypes.contenttype", "pk": 9, "fields": {"app_label": "e_commerce", "model": "checkedcart"}}, {"model": "contenttypes.contenttype", "pk": 10, "fields": {"app_label": "e_commerce", "model": "color"}}, {"model": "contenttypes.contenttype", "pk": 11, "fields": {"app_label": "e_commerce", "model": "product"}}, {"model": "contenttypes.contenttype", "pk": 12, "fields": {"app_label": "e_commerce", "model": "size"}}, {"model": "contenttypes.contenttype", "pk": 13, "fields": {"app_label": "e_commerce", "model": "review"}}, {"model": "contenttypes.contenttype", "pk": 14, "fields": {"app_label": "e_commerce", "model": "quantity"}}, {"model": "contenttypes.contenttype", "pk": 15, "fields": {"app_label": "e_commerce", "model": "image"}}, {"model": "contenttypes.contenttype", "pk": 16, "fields": {"app_label": "e_commerce", "model": "checkedcartitem"}}, {"model": "contenttypes.contenttype", "pk": 17, "fields": {"app_label": "e_commerce", "model": "cartitem"}}, {"model": "contenttypes.contenttype", "pk": 18, "fields": {"app_label": "authtoken", "model": "token"}}, {"model": "contenttypes.contenttype", "pk": 19, "fields": {"app_label": "authtoken", "model": "tokenproxy"}}, {"model": "sessions.session", "pk": "fu2ifufvs7nrrhdqsj8jd0vvk851olnk", "fields": {"session_data": ".eJxVjDsOwyAQBe9CHSG-BqdM7zOgBXaDkwgkY1dR7h5bcpG0b2bemwXY1hK2jkuYM7syyS6_W4T0xHqA_IB6bzy1ui5z5IfCT9r51DK-bqf7d1Cgl70mR8kIrRKOGmP0SllJUgin3KhTMkjag7GOBgHKi0gIKBEGbXFPSLDPF-eQOFo:1o9T7t:Y_CDWQJPa_lsXFvArH9NDDVq9Qo0qORyWnTZV9pzl0M", "expire_date": "2022-07-21T15:09:09.416Z"}}, {"model": "e_commerce.user", "pk": 1, "fields": {"password": "pbkdf2_sha256$320000$E4TDsEF9WGQiZz4TpMXaED$fsmt2O/QOgHMO7IXUx8lDRwGoiPcPzERyCxPxZD/7SA=", "last_login": "2022-07-07T15:09:09.396Z", "is_superuser": true, "first_name": "ahmed", "last_name": "Mahmoud", "email": "ahmed@gmail.com", "mobile": "", "address": "", "followers": 0, "visitors": 0, "size_image": "", "height": null, "cup_size": null, "user_json": null, "human_parsing": "", "user_size": null, "is_staff": true, "gender": true, "user_model": null, "groups": [], "user_permissions": []}}, {"model": "e_commerce.user", "pk": 2, "fields": {"password": "pbkdf2_sha256$320000$b5208yuzCxDY5QrCiKcJVn$OB4z4iqWbVLNcUNAdpZUVSbmmxwJwJH5SQrZvlAwmwI=", "last_login": null, "is_superuser": false, "first_name": "Ali", "last_name": "Karam", "email": "ali@gmail.com", "mobile": "01023447609", "address": "egypt mansoura", "followers": 0, "visitors": 0, "size_image": "", "height": null, "cup_size": null, "user_json": null, "human_parsing": "", "user_size": null, "is_staff": true, "gender": true, "user_model": null, "groups": [], "user_permissions": []}}, {"model": "e_commerce.user", "pk": 3, "fields": {"password": "pbkdf2_sha256$320000$Ru5Jjt6xyReAk4AALDmxd5$3dYf5isoYbkYieZ4dmNg8bpZWeQwQUhXBSe0oN98cOU=", "last_login": null, "is_superuser": false, "first_name": "Amr", "last_name": "Ali", "email": "amr@gmail.com", "mobile": "01023447000", "address": "egypt Alex", "followers": 0, "visitors": 0, "size_image": "", "height": null, "cup_size": null, "user_json": null, "human_parsing": "", "user_size": null, "is_staff": true, "gender": true, "user_model": null, "groups": [], "user_permissions": []}}, {"model": "e_commerce.user", "pk": 4, "fields": {"password": "pbkdf2_sha256$320000$Di68fa1j15uyofRGv4Ji9c$p7hvpOlDtwF9GS62MCB1h2da0Q8Go2tdTXU/gKO0gng=", "last_login": null, "is_superuser": false, "first_name": "Mohamed", "last_name": "Ahmed", "email": "mohamed@gmail.com", "mobile": "01023437000", "address": "egypt Alex", "followers": 0, "visitors": 0, "size_image": "", "height": null, "cup_size": null, "user_json": null, "human_parsing": "", "user_size": null, "is_staff": true, "gender": true, "user_model": null, "groups": [], "user_permissions": []}}, {"model": "e_commerce.user", "pk": 5, "fields": {"password": "pbkdf2_sha256$320000$uKBtXnFCHtHMb2q8xBCNlF$6S7gWdLh1Ymg1rFTD95eqUSyz96W5Ea3yGQVydqfu3M=", "last_login": null, "is_superuser": false, "first_name": "Karim", "last_name": "Mohamed", "email": "karim@gmail.com", "mobile": "01023437010", "address": "egypt kafrelshikh", "followers": 0, "visitors": 0, "size_image": "", "height": null, "cup_size": null, "user_json": null, "human_parsing": "", "user_size": null, "is_staff": true, "gender": true, "user_model": null, "groups": [], "user_permissions": []}}, {"model": "e_commerce.user", "pk": 6, "fields": {"password": "pbkdf2_sha256$320000$MSTL43yWBd7MexggRzZuKF$p+6Z5QTsMaZQUwe2wuZAuG7hxsFB7ciK8Lv2Jl1sbic=", "last_login": null, "is_superuser": false, "first_name": "Mark", "last_name": "Hassan", "email": "mark@gmail.com", "mobile": "01123437010", "address": "egypt aswan", "followers": 0, "visitors": 0, "size_image": "", "height": null, "cup_size": null, "user_json": null, "human_parsing": "", "user_size": null, "is_staff": true, "gender": true, "user_model": null, "groups": [], "user_permissions": []}}, {"model": "e_commerce.user", "pk": 7, "fields": {"password": "pbkdf2_sha256$320000$lS3eykvdUzatAfmLB7POYP$kLqzJ+ckiVJB5TMpdLkgC3doz8GPBmIGlgXM2nTFYeU=", "last_login": null, "is_superuser": false, "first_name": "Khaled", "last_name": "Hassan", "email": "khaled@gmail.com", "mobile": "01120437010", "address": "egypt quina", "followers": 0, "visitors": 0, "size_image": "", "height": null, "cup_size": null, "user_json": null, "human_parsing": "", "user_size": null, "is_staff": false, "gender": true, "user_model": null, "groups": [], "user_permissions": []}}, {"model": "e_commerce.user", "pk": 8, "fields": {"password": "pbkdf2_sha256$320000$KEHuUO6ELR9wDCgPREMto5$ZWLRjqi93zFkviBBdSE2hgemEzbDkSyCT+H5woLTGqU=", "last_login": null, "is_superuser": false, "first_name": "Adham", "last_name": "Emam", "email": "adham@gmail.com", "mobile": "01520437010", "address": "egypt Alex", "followers": 0, "visitors": 0, "size_image": "", "height": null, "cup_size": null, "user_json": null, "human_parsing": "", "user_size": null, "is_staff": false, "gender": true, "user_model": null, "groups": [], "user_permissions": []}}, {"model": "e_commerce.user", "pk": 9, "fields": {"password": "pbkdf2_sha256$320000$lnJMcx7MkxY5W2JWjjHU18$QgV+acg297l/AANlNm5gA1rxEHr1vNSF5QYN0Rf3C1c=", "last_login": null, "is_superuser": false, "first_name": "Asem", "last_name": "Esam", "email": "asem@gmail.com", "mobile": "01520435432", "address": "egypt kafrelshikh", "followers": 0, "visitors": 0, "size_image": "", "height": null, "cup_size": null, "user_json": null, "human_parsing": "", "user_size": null, "is_staff": false, "gender": true, "user_model": null, "groups": [], "user_permissions": []}}, {"model": "e_commerce.user", "pk": 10, "fields": {"password": "pbkdf2_sha256$320000$4FeOSKSbrfP0mWtqQNsOW4$dUm3Pk87QGacHqiibzUEGyF3c3jat4JJwddmyxKVCm8=", "last_login": null, "is_superuser": false, "first_name": "Esmat", "last_name": "Khaled", "email": "esmat@gmail.com", "mobile": "01520431432", "address": "egypt tanta", "followers": 0, "visitors": 0, "size_image": "", "height": null, "cup_size": null, "user_json": null, "human_parsing": "", "user_size": null, "is_staff": false, "gender": true, "user_model": null, "groups": [], "user_permissions": []}}, {"model": "e_commerce.user", "pk": 11, "fields": {"password": "pbkdf2_sha256$320000$oGr0KCauxDBmIixjVDdt2n$LstuPDbpBmwN1WBQvlqvZNtKr6fIoJO5P5KS4cUvZZo=", "last_login": null, "is_superuser": false, "first_name": "Mazen", "last_name": "Wasfy", "email": "mazen@gmail.com", "mobile": "01220431432", "address": "egypt tanta", "followers": 0, "visitors": 0, "size_image": "", "height": null, "cup_size": null, "user_json": null, "human_parsing": "", "user_size": null, "is_staff": false, "gender": true, "user_model": null, "groups": [], "user_permissions": []}}, {"model": "e_commerce.user", "pk": 12, "fields": {"password": "pbkdf2_sha256$320000$smmM9GZZv1xjAiFw2B4kMN$WgIJMwfX0/pJxG5r7OFt11Iut+Y/fQ1A/7PMkO9KNE0=", "last_login": null, "is_superuser": false, "first_name": "Wasfy", "last_name": "Mohamed", "email": "wasfy@gmail.com", "mobile": "01120431432", "address": "egypt mansoura", "followers": 0, "visitors": 0, "size_image": "", "height": null, "cup_size": null, "user_json": null, "human_parsing": "", "user_size": null, "is_staff": false, "gender": true, "user_model": null, "groups": [], "user_permissions": []}}, {"model": "e_commerce.user", "pk": 13, "fields": {"password": "pbkdf2_sha256$320000$0rc8rBA9hipMWxlEVdRWak$dkk8U5SNhoaDXktpz11xbarTGMV7t2sftxY/hNL5+M8=", "last_login": null, "is_superuser": false, "first_name": "Shehab", "last_name": "Gamal", "email": "shehab@gmail.com", "mobile": "01123431432", "address": "egypt mansoura", "followers": 0, "visitors": 0, "size_image": "", "height": null, "cup_size": null, "user_json": null, "human_parsing": "", "user_size": null, "is_staff": false, "gender": true, "user_model": null, "groups": [], "user_permissions": []}}, {"model": "e_commerce.user", "pk": 14, "fields": {"password": "pbkdf2_sha256$320000$MAWmbEzXlJ10HPwT6ayyWN$1cApXDVaAdT4pjyVOREcJTuyfoSjqYKTQebmMgI4n38=", "last_login": null, "is_superuser": false, "first_name": "Maram", "last_name": "Mohsen", "email": "Maram@gmail.com", "mobile": "01123431412", "address": "egypt cairo", "followers": 0, "visitors": 0, "size_image": "", "height": null, "cup_size": null, "user_json": null, "human_parsing": "", "user_size": null, "is_staff": false, "gender": false, "user_model": "", "groups": [], "user_permissions": []}}, {"model": "e_commerce.user", "pk": 15, "fields": {"password": "pbkdf2_sha256$320000$4A8CihD05gtsraCYAxiLa4$buS8nw0heRkv+whzv1XRhNw59BX8hbpkPnNZ1F5OIM8=", "last_login": null, "is_superuser": false, "first_name": "Sara", "last_name": "Ali", "email": "sara@gmail.com", "mobile": "05123431412", "address": "egypt cairo", "followers": 0, "visitors": 0, "size_image": "", "height": null, "cup_size": null, "user_json": null, "human_parsing": "", "user_size": null, "is_staff": false, "gender": false, "user_model": null, "groups": [], "user_permissions": []}}, {"model": "e_commerce.user", "pk": 16, "fields": {"password": "pbkdf2_sha256$320000$1lU0OwrElGByJHNgzCSQbT$eQAU5ndEb2973vydCH42iKi9ETCQBzBHq7yhY5gyPaI=", "last_login": null, "is_superuser": false, "first_name": "Karima", "last_name": "Hossam", "email": "karima@gmail.com", "mobile": "01284276299", "address": "egypt cairo", "followers": 0, "visitors": 0, "size_image": "", "height": null, "cup_size": null, "user_json": null, "human_parsing": "", "user_size": null, "is_staff": false, "gender": false, "user_model": null, "groups": [], "user_permissions": []}}, {"model": "e_commerce.user", "pk": 17, "fields": {"password": "pbkdf2_sha256$320000$Q7ct4XTnCFl2UzO5mT9YG5$GJZ/Nc+ziPKmcmmudRPjw6iqPc2osWM4MIHNHhBEznY=", "last_login": null, "is_superuser": false, "first_name": "Sondos", "last_name": "Anwar", "email": "sondos@gmail.com", "mobile": "01204276299", "address": "egypt cairo", "followers": 0, "visitors": 0, "size_image": "", "height": null, "cup_size": null, "user_json": null, "human_parsing": "", "user_size": null, "is_staff": false, "gender": false, "user_model": null, "groups": [], "user_permissions": []}}, {"model": "e_commerce.category", "pk": 1, "fields": {"category_title": "Sleeve", "category_gender": true, "category_description": "For men when the weather is cold"}}, {"model": "e_commerce.category", "pk": 2, "fields": {"category_title": "Half Sleeve", "category_gender": true, "category_description": "For men when the weather is hot"}}, {"model": "e_commerce.category", "pk": 3, "fields": {"category_title": "Sleeve - w", "category_gender": false, "category_description": "For women when the weather is cold"}}, {"model": "e_commerce.category", "pk": 4, "fields": {"category_title": "Half Sleeve - w", "category_gender": false, "category_description": "For women when the weather is hot"}}, {"model": "e_commerce.cart", "pk": 1, "fields": {"cart_total": "0.00", "shipping_charge": "25.00", "grand_total": "0.00", "promo_code": "NotCode", "promo_counter": 0, "items_num": 0, "cart_user": 2}}, {"model": "e_commerce.cart", "pk": 2, "fields": {"cart_total": "0.00", "shipping_charge": "25.00", "grand_total": "0.00", "promo_code": "NotCode", "promo_counter": 0, "items_num": 0, "cart_user": 3}}, {"model": "e_commerce.cart", "pk": 3, "fields": {"cart_total": "0.00", "shipping_charge": "25.00", "grand_total": "0.00", "promo_code": "NotCode", "promo_counter": 0, "items_num": 0, "cart_user": 4}}, {"model": "e_commerce.cart", "pk": 4, "fields": {"cart_total": "0.00", "shipping_charge": "25.00", "grand_total": "0.00", "promo_code": "NotCode", "promo_counter": 0, "items_num": 0, "cart_user": 5}}, {"model": "e_commerce.cart", "pk": 5, "fields": {"cart_total": "0.00", "shipping_charge": "25.00", "grand_total": "0.00", "promo_code": "NotCode", "promo_counter": 0, "items_num": 0, "cart_user": 6}}, {"model": "e_commerce.cart", "pk": 6, "fields": {"cart_total": "0.00", "shipping_charge": "25.00", "grand_total": "0.00", "promo_code": "NotCode", "promo_counter": 0, "items_num": 0, "cart_user": 7}}, {"model": "e_commerce.cart", "pk": 7, "fields": {"cart_total": "0.00", "shipping_charge": "25.00", "grand_total": "0.00", "promo_code": "NotCode", "promo_counter": 0, "items_num": 0, "cart_user": 8}}, {"model": "e_commerce.cart", "pk": 8, "fields": {"cart_total": "0.00", "shipping_charge": "25.00", "grand_total": "0.00", "promo_code": "NotCode", "promo_counter": 0, "items_num": 0, "cart_user": 9}}, {"model": "e_commerce.cart", "pk": 9, "fields": {"cart_total": "0.00", "shipping_charge": "25.00", "grand_total": "0.00", "promo_code": "NotCode", "promo_counter": 0, "items_num": 0, "cart_user": 10}}, {"model": "e_commerce.cart", "pk": 10, "fields": {"cart_total": "0.00", "shipping_charge": "25.00", "grand_total": "0.00", "promo_code": "NotCode", "promo_counter": 0, "items_num": 0, "cart_user": 11}}, {"model": "e_commerce.cart", "pk": 11, "fields": {"cart_total": "0.00", "shipping_charge": "25.00", "grand_total": "0.00", "promo_code": "NotCode", "promo_counter": 0, "items_num": 0, "cart_user": 12}}, {"model": "e_commerce.cart", "pk": 12, "fields": {"cart_total": "0.00", "shipping_charge": "25.00", "grand_total": "0.00", "promo_code": "NotCode", "promo_counter": 0, "items_num": 0, "cart_user": 13}}, {"model": "e_commerce.cart", "pk": 13, "fields": {"cart_total": "0.00", "shipping_charge": "25.00", "grand_total": "0.00", "promo_code": "NotCode", "promo_counter": 0, "items_num": 0, "cart_user": 14}}, {"model": "e_commerce.cart", "pk": 14, "fields": {"cart_total": "0.00", "shipping_charge": "25.00", "grand_total": "0.00", "promo_code": "NotCode", "promo_counter": 0, "items_num": 0, "cart_user": 15}}, {"model": "e_commerce.cart", "pk": 15, "fields": {"cart_total": "0.00", "shipping_charge": "25.00", "grand_total": "0.00", "promo_code": "NotCode", "promo_counter": 0, "items_num": 0, "cart_user": 16}}, {"model": "e_commerce.cart", "pk": 16, "fields": {"cart_total": "0.00", "shipping_charge": "25.00", "grand_total": "0.00", "promo_code": "NotCode", "promo_counter": 0, "items_num": 0, "cart_user": 17}}, {"model": "e_commerce.size", "pk": 1, "fields": {"size_name": "M"}}, {"model": "e_commerce.size", "pk": 2, "fields": {"size_name": "S"}}, {"model": "e_commerce.size", "pk": 3, "fields": {"size_name": "L"}}, {"model": "e_commerce.size", "pk": 4, "fields": {"size_name": "XL"}}, {"model": "e_commerce.size", "pk": 5, "fields": {"size_name": "2XL"}}, {"model": "e_commerce.size", "pk": 6, "fields": {"size_name": "3XL"}}, {"model": "e_commerce.color", "pk": 1, "fields": {"color_name": "#000000"}}, {"model": "e_commerce.color", "pk": 2, "fields": {"color_name": "#0C393F"}}, {"model": "e_commerce.color", "pk": 3, "fields": {"color_name": "#02A181"}}, {"model": "e_commerce.color", "pk": 4, "fields": {"color_name": "#014EA4"}}, {"model": "e_commerce.color", "pk": 5, "fields": {"color_name": "#942F3F"}}, {"model": "e_commerce.color", "pk": 6, "fields": {"color_name": "#39451F"}}, {"model": "e_commerce.color", "pk": 7, "fields": {"color_name": "#141416"}}, {"model": "e_commerce.color", "pk": 8, "fields": {"color_name": "#191919"}}, {"model": "e_commerce.color", "pk": 9, "fields": {"color_name": "#202249"}}, {"model": "e_commerce.color", "pk": 10, "fields": {"color_name": "#333528"}}, {"model": "e_commerce.color", "pk": 11, "fields": {"color_name": "#5A5E50"}}, {"model": "e_commerce.color", "pk": 12, "fields": {"color_name": "#151314"}}, {"model": "e_commerce.color", "pk": 13, "fields": {"color_name": "#CEBDB6"}}, {"model": "e_commerce.color", "pk": 14, "fields": {"color_name": "#E5313C"}}, {"model": "e_commerce.color", "pk": 15, "fields": {"color_name": "#FDFBFE"}}, {"model": "e_commerce.product", "pk": 1, "fields": {"product_title": "Black men's T-shirt", "product_details": "Good quality men's T-shirt", "product_price": "150.00", "product_discount": "5.00", "product_brand": "Lee", "total_quantity": 1, "product_date_entry": "2022-06-05", "product_rating": "0.0", "product_model": "", "product_category": [2], "product_vendor": [2]}}, {"model": "e_commerce.product", "pk": 2, "fields": {"product_title": "Elephant men's T-shirt", "product_details": "Good quality men's T-shirt", "product_price": "200.00", "product_discount": "10.00", "product_brand": "Timberland", "total_quantity": 1, "product_date_entry": "2022-05-17", "product_rating": "0.0", "product_model": "", "product_category": [2], "product_vendor": [3]}}, {"model": "e_commerce.product", "pk": 3, "fields": {"product_title": "Niagara men's T-shirt", "product_details": "Good quality men's T-shirt", "product_price": "155.00", "product_discount": "0.00", "product_brand": "Zara", "total_quantity": 1, "product_date_entry": "2022-07-07", "product_rating": "0.0", "product_model": "", "product_category": [2], "product_vendor": [4]}}, {"model": "e_commerce.product", "pk": 4, "fields": {"product_title": "Endeavour men's T-shirt", "product_details": "Good quality men's T-shirt", "product_price": "100.00", "product_discount": "0.00", "product_brand": "Mango", "total_quantity": 1, "product_date_entry": "2022-06-07", "product_rating": "0.0", "product_model": "", "product_category": [2], "product_vendor": [5]}}, {"model": "e_commerce.product", "pk": 5, "fields": {"product_title": "Stiletto men's T-shirt", "product_details": "Good quality men's T-shirt", "product_price": "75.00", "product_discount": "0.00", "product_brand": "Lee", "total_quantity": 1, "product_date_entry": "2022-05-01", "product_rating": "0.0", "product_model": "", "product_category": [2], "product_vendor": [3]}}, {"model": "e_commerce.product", "pk": 6, "fields": {"product_title": "Woodland men's T-shirt", "product_details": "Good quality men's T-shirt", "product_price": "200.00", "product_discount": "5.00", "product_brand": "Timberland", "total_quantity": 1, "product_date_entry": "2022-05-10", "product_rating": "0.0", "product_model": "", "product_category": [2], "product_vendor": [2]}}, {"model": "e_commerce.product", "pk": 7, "fields": {"product_title": "Woodsmoke men's T-shirt", "product_details": "Good quality men's T-shirt", "product_price": "299.00", "product_discount": "40.00", "product_brand": "Nike", "total_quantity": 1, "product_date_entry": "2022-06-30", "product_rating": "0.0", "product_model": "", "product_category": [2], "product_vendor": [4]}}, {"model": "e_commerce.product", "pk": 8, "fields": {"product_title": "Cod Gray men's T-shirt", "product_details": "Good quality men's T-shirt", "product_price": "150.00", "product_discount": "0.00", "product_brand": "Zara", "total_quantity": 1, "product_date_entry": "2022-06-15", "product_rating": "0.0", "product_model": "", "product_category": [2], "product_vendor": [4]}}, {"model": "e_commerce.product", "pk": 9, "fields": {"product_title": "Port Gore men's T-shirt", "product_details": "Good quality men's T-shirt", "product_price": "300.00", "product_discount": "25.00", "product_brand": "Lee", "total_quantity": 1, "product_date_entry": "2022-06-21", "product_rating": "0.1", "product_model": "", "product_category": [2], "product_vendor": [5]}}, {"model": "e_commerce.product", "pk": 10, "fields": {"product_title": "Rangitoto men's T-shirt", "product_details": "Good quality men's T-shirt", "product_price": "299.00", "product_discount": "50.00", "product_brand": "Nike", "total_quantity": 1, "product_date_entry": "2022-07-07", "product_rating": "0.0", "product_model": "", "product_category": [2], "product_vendor": [6]}}, {"model": "e_commerce.product", "pk": 11, "fields": {"product_title": "Siam women's dress", "product_details": "Good quality women's dress", "product_price": "350.00", "product_discount": "10.00", "product_brand": "Zara", "total_quantity": 1, "product_date_entry": "2022-06-14", "product_rating": "0.0", "product_model": "", "product_category": [3], "product_vendor": [3]}}, {"model": "e_commerce.product", "pk": 12, "fields": {"product_title": "Cod Gray women's dress", "product_details": "Good quality women's dress", "product_price": "400.00", "product_discount": "10.00", "product_brand": "Zara", "total_quantity": -10, "product_date_entry": "2022-06-01", "product_rating": "0.0", "product_model": "", "product_category": [4], "product_vendor": [5]}}, {"model": "e_commerce.product", "pk": 13, "fields": {"product_title": "Cold Turkeywomen's dress", "product_details": "Good quality women's T-shirt", "product_price": "300.00", "product_discount": "0.00", "product_brand": "PRADA", "total_quantity": 1, "product_date_entry": "2022-06-13", "product_rating": "0.0", "product_model": "", "product_category": [4], "product_vendor": [6]}}, {"model": "e_commerce.product", "pk": 14, "fields": {"product_title": "Alizarin Crimson women's dress", "product_details": "Good quality women's dress", "product_price": "190.00", "product_discount": "0.00", "product_brand": "DOLCE & GABBANA", "total_quantity": 1, "product_date_entry": "2022-07-07", "product_rating": "0.0", "product_model": "", "product_category": [4], "product_vendor": [6]}}, {"model": "e_commerce.product", "pk": 15, "fields": {"product_title": "Women's striped T-shirt", "product_details": "Good quality women's T-shirt", "product_price": "200.00", "product_discount": "0.01", "product_brand": "Nike", "total_quantity": 1, "product_date_entry": "2022-06-30", "product_rating": "0.0", "product_model": "", "product_category": [4], "product_vendor": [6]}}, {"model": "e_commerce.image", "pk": 1, "fields": {"img": "000000.jpg", "images_product": 1}}, {"model": "e_commerce.image", "pk": 2, "fields": {"img": "0C393F.jpg", "images_product": 2}}, {"model": "e_commerce.image", "pk": 3, "fields": {"img": "02A181.jpg", "images_product": 3}}, {"model": "e_commerce.image", "pk": 4, "fields": {"img": "014EA4.jpg", "images_product": 4}}, {"model": "e_commerce.image", "pk": 5, "fields": {"img": "942F3F.jpg", "images_product": 5}}, {"model": "e_commerce.image", "pk": 6, "fields": {"img": "39451F.jpg", "images_product": 6}}, {"model": "e_commerce.image", "pk": 7, "fields": {"img": "141416.jpg", "images_product": 7}}, {"model": "e_commerce.image", "pk": 8, "fields": {"img": "191919.jpg", "images_product": 8}}, {"model": "e_commerce.image", "pk": 9, "fields": {"img": "202249.jpg", "images_product": 9}}, {"model": "e_commerce.image", "pk": 10, "fields": {"img": "333528.jpg", "images_product": 10}}, {"model": "e_commerce.image", "pk": 11, "fields": {"img": "5A5E50.jpg", "images_product": 11}}, {"model": "e_commerce.image", "pk": 12, "fields": {"img": "151314.jpg", "images_product": 12}}, {"model": "e_commerce.image", "pk": 13, "fields": {"img": "CEBDB6.jpg", "images_product": 13}}, {"model": "e_commerce.image", "pk": 14, "fields": {"img": "E5313C.jpg", "images_product": 14}}, {"model": "e_commerce.image", "pk": 15, "fields": {"img": "FDFBFE.jpg", "images_product": 15}}]